RAW,선수명,골,도움
우형오 1도움,우형오,0,1
장현규 1골,장현규,1,0
송민규 2골,송민규,2,0
박성준 1도움,박성준,0,1
김재린 1도움,김재린,0,1
,,0,0
,,0,0
,,0,0
,,0,0
,,0,0
,,0,0
,,0,0
,,0,0
,,0,0
,,0,0
,,0,0
,,0,0
,,0,0
,,0,0
,,0,0
,,0,0
,,0,0
,,0,0
,,0,0
,,0,0
,,0,0
,,0,0
,,0,0
,,0,0
,,0,0
,,0,0
,,0,0
,,0,0
,,0,0
,,0,0
,,0,0
,,0,0
,,0,0
,,0,0
,,0,0
,,0,0
,,0,0
,,0,0
,,0,0
,,0,0
,,0,0
,,0,0
,,0,0
,,0,0
,,0,0
,,0,0
,,0,0
,,0,0
,,0,0
,,0,0
,,0,0
,,0,0
,,0,0
,,0,0
,,0,0
,,0,0
,,0,0
,,0,0
,,0,0
,,0,0
,,0,0
,,0,0
,,0,0
,,0,0
,,0,0
,,0,0
,,0,0
,,0,0
,,0,0
,,0,0
,,0,0
,,0,0
,,0,0
,,0,0
,,0,0
,,0,0
,,0,0
,,0,0
,,0,0
,,0,0
,,0,0
,,0,0
,,0,0
,,0,0
,,0,0
,,0,0
,,0,0
,,0,0
,,0,0
,,0,0
,,0,0
,,0,0
,,0,0
,,0,0
,,0,0
,,0,0
,,0,0
,,0,0
,,0,0
,,0,0
,,0,0
,,0,0
,,0,0
,,0,0
,,0,0
,,0,0
,,0,0
,,0,0
,,0,0
,,0,0
,,0,0
,,0,0
,,0,0
,,0,0
,,0,0
,,0,0
,,0,0
,,0,0
,,0,0
,,0,0
,,0,0
,,0,0
,,0,0
,,0,0
,,0,0
,,0,0
,,0,0
,,0,0
,,0,0
,,0,0
,,0,0
,,0,0
,,0,0
,,0,0
,,0,0
,,0,0
,,0,0
,,0,0
,,0,0
,,0,0
,,0,0
,,0,0
,,0,0
,,0,0
,,0,0
,,0,0
,,0,0
,,0,0
,,0,0
,,0,0
,,0,0
,,0,0
,,0,0
,,0,0
,,0,0
,,0,0
,,0,0
,,0,0
,,0,0
,,0,0
,,0,0
,,0,0
,,0,0
,,0,0